system:index,BurnDate,FirstDay,LastDay,QA,Uncertainty,BurnMonth
145_0,225,177.5,190,3,2,7
149_0,200,175.5,190,3,2,6
188_0,188,176.5,190,3,3,6
203_0,193,176.5,189,3,1,6
416_0,340,175,189.5,3,3,11
588_0,229,177,190,3,5,7
612_0,284,175.5,190,3,4,9
735_0,341,174.5,190,3,2,11
828_0,243,177,190,3,5,7
914_0,212,178,188.5,3,1,6
971_0,200,175.5,190,3,1,6
987_0,201,176,190,3,4,6
1008_0,199,175.5,190,3,2,6
1073_0,284,175.5,190,3,3,9
1080_0,342,177,189.5,3,6,11
1202_0,340,176,189,3,3,11
1206_0,341,175,190,3,1,11
1310_0,345,174.5,189,3,8,11
1319_0,350,175,189.5,3,3,11
1449_0,343,174.5,190,3,5,11
1588_0,300,175,189.5,3,2,9
1617_0,193,176,190,3,1,6
1621_0,340,175,190,3,3,11
1747_0,193,175.5,189,3,1,6
1803_0,284,175.5,190,3,4,9
1876_0,290,175,190,3,2,9
2178_0,191,174.5,189.5,3,2,6
2374_0,351,174.5,189.5,3,3,11
2445_0,282,176.5,190,3,2,9
2448_0,231,177,214,3,1,7
2449_0,245,176.5,189,3,2,8
2473_0,188,176,187.5,3,1,6
2517_0,282,176,190,3,2,9
2581_0,282,175.5,190,3,1,9
2739_0,198,175.5,189.5,3,2,6
2815_0,250,177.5,190,3,2,8
2892_0,344,177,189,3,2,11
2928_0,339,175,189.5,3,2,11
3095_0,339,176.5,190,3,2,11
3184_0,338,175,189.5,3,1,11
3209_0,259,176.5,189,3,2,8
3210_0,241,180,189.5,3,1,7
3232_0,248,177,190,3,6,8
3261_0,212,175,189,3,2,6
3792_0,192,175,190,3,1,6
3834_0,246,176.5,190,3,11,8
3917_0,193,175.5,189.5,3,2,6
4281_0,210,177.5,189.5,3,2,6
4355_0,341,175,190,3,2,11
4422_0,178,175.5,189,3,1,5
4461_0,170,175,189.5,3,2,5
4494_0,339,176,189.5,3,2,11
4550_0,243,177.5,190,3,8,7
4794_0,222,177,187.5,3,1,7
4886_0,232,205.5,214,3,4,7
4905_0,245,175,189,3,2,8
5255_0,196,175,190,3,3,6
5416_0,340,175,189.5,3,3,11
5549_0,349,178,190,3,4,11
5565_0,285,176,190,3,1,9
5597_0,286,176,190,3,1,9
5788_0,268,175.5,190,3,1,8
5868_0,235,177.5,189.5,3,1,7
5878_0,181,175,189.5,3,2,5
5955_0,217,190,233,3,8,7
6185_0,339,175,189.5,3,1,11
6281_0,263,176.5,189.5,3,1,8
6333_0,191,175.5,190,3,3,6
6404_0,251,178,190,3,1,8
6484_0,284,176,190,3,2,9
6610_0,282,175.5,190,3,2,9
6662_0,233,177.5,190,3,3,7
6681_0,282,175.5,190,3,2,9
6738_0,350,174.5,190,3,2,11
6807_0,343,174.5,189.5,3,4,11
6894_0,339,175,189.5,3,2,11
6933_0,190,175.5,190,3,3,6
7022_0,284,175,190,3,3,9
7044_0,211,177,189,3,2,6
7054_0,342,176.5,189.5,3,8,11
7285_0,246,177,190,3,7,8
7456_0,190,175,189.5,3,2,6
7466_0,192,175.5,190,3,1,6
7469_0,344,174.5,190,3,5,11
7609_0,282,176,190,3,2,9
7657_0,282,176.5,190,3,2,9
7891_0,283,175.5,190,3,4,9
7902_0,231,175.5,190,3,1,7
7940_0,159,175,190,3,1,5
7981_0,140,174.5,189.5,3,1,4
8030_0,198,175.5,190,3,2,6
8054_0,192,175.5,190,3,1,6
8156_0,340,175,189.5,3,2,11
8160_0,292,176,189.5,3,1,9
8187_0,283,176.5,190,3,3,9
8212_0,343,177.5,188.5,3,4,11
8237_0,284,175.5,190,3,1,9
8436_0,234,177,190,3,4,7
8505_0,287,175.5,190,3,4,9
8570_0,284,175,190,3,3,9
8724_0,340,178.5,187,3,3,11
8734_0,246,176.5,190,3,10,8
8803_0,210,177,188.5,3,3,6
8876_0,242,176.5,190,3,10,7
9098_0,339,175,190,3,2,11
9107_0,193,175.5,189,3,1,6
9121_0,199,175.5,190,3,4,6
9244_0,200,176,190,3,2,6
9255_0,282,175.5,190,3,2,9
9446_0,245,177.5,190,3,13,8
9454_0,228,177.5,190,3,2,7
9543_0,237,175,190,3,1,7
9575_0,344,177,190,3,2,11
9582_0,139,174.5,189.5,3,2,4
9612_0,221,177,190,3,1,7
9829_0,282,176,190,3,2,9
9944_0,339,175,189.5,3,1,11
10067_0,340,175,189.5,3,4,11
10109_0,339,175,190,3,2,11
10237_0,191,175.5,190,3,3,6
10309_0,243,175,189.5,3,4,7
10345_0,282,176,190,3,2,9
10485_0,227,177,190,3,5,7
10502_0,339,175,190,3,2,11
10507_0,140,174.5,189.5,3,1,4
10573_0,195,174.5,189.5,3,3,6
10633_0,237,179,190,3,15,7
10753_0,340,177.5,188.5,3,3,11
10838_0,282,175.5,190,3,2,9
10936_0,110,174.5,190,3,1,3
11025_0,201,175.5,190,3,1,6
11136_0,291,175,190,3,3,9
11137_0,239,178,190,3,1,7
11240_0,342,178.5,187,3,7,11
11344_0,247,178.5,220,3,9,8
11345_0,203,175.5,190,3,1,6
11404_0,238,178,190,3,1,7
11413_0,240,177,190,3,5,7
11495_0,282,175,190,3,2,9
11507_0,218,176,189,3,1,7
11537_0,252,177.5,210.5,3,1,8
11538_0,208,177,189.5,3,1,6
11557_0,203,176,190,3,1,6
11774_0,193,177,189.5,3,1,6
11873_0,339,176.5,189.5,3,2,11
12017_0,66,175.5,190,3,3,2
12044_0,343,174.5,190,3,5,11
12306_0,339,176,190,3,2,11
12407_0,247,178.5,190,3,7,8
12515_0,288,177,190,3,2,9
12601_0,346,174.5,190,3,7,11
12634_0,179,179.5,189,3,1,5
12639_0,190,175.5,190,3,3,6
12684_0,201,177,190,3,4,6
12803_0,246,175,189.5,3,3,8
12823_0,191,175.5,190,3,3,6
12916_0,339,175,190,3,2,11
13043_0,344,174.5,189.5,3,3,11
13344_0,193,175.5,189.5,3,2,6
13393_0,229,177,190,3,4,7
13424_0,246,176.5,190,3,7,8
13467_0,343,176.5,190,3,5,11
13556_0,199,175.5,190,3,2,6
13613_0,343,175,190,3,5,11
13741_0,344,174.5,190,3,3,11
13770_0,340,174.5,189,3,2,11
14074_0,282,175.5,190,3,2,9
14079_0,246,177.5,189.5,3,10,8
14180_0,210,177.5,189,3,1,6
14271_0,210,177,189.5,3,2,6
14295_0,190,176,190,3,4,6
14423_0,228,176.5,190,3,1,7
14734_0,189,176,190,3,3,6
14780_0,192,176.5,190,3,5,6
14788_0,199,174.5,189.5,3,2,6
14906_0,233,177,190,3,9,7
14918_0,282,176,190,3,2,9
14951_0,282,176,190,3,2,9
14979_0,282,176.5,190,3,2,9
15350_0,350,178,189.5,3,3,11
15469_0,339,175,189.5,3,2,11
15477_0,246,176.5,189.5,3,4,8
15504_0,211,178.5,189.5,3,2,6
15616_0,247,177.5,190,3,9,8
15626_0,190,176,190,3,4,6
15831_0,244,176.5,189.5,3,10,8
15843_0,242,179,244.5,3,14,7
15899_0,195,174.5,189.5,3,1,6
16213_0,200,175.5,190,3,2,6
16346_0,247,176.5,220,3,5,8
16401_0,263,176,190,3,2,8
16419_0,215,175,189.5,3,3,7
16465_0,282,175.5,190,3,2,9
16776_0,246,178,190,3,8,8
16829_0,214,176,188.5,3,7,7
16876_0,189,174.5,190,3,1,6
16903_0,188,178,190,3,1,6
16950_0,344,174.5,190,3,5,11
17020_0,246,206.5,250.5,3,7,8
17068_0,198,175.5,190,3,2,6
17144_0,243,179.5,189.5,3,1,7
17162_0,283,175.5,189.5,3,2,9
17168_0,234,176.5,190,3,3,7
17267_0,347,174.5,189,3,1,11
17347_0,342,174.5,189,3,3,11
17371_0,339,175,190,3,2,11
17404_0,343,174.5,189.5,3,4,11
17429_0,139,174.5,189.5,3,2,4
17462_0,198,176.5,190,3,2,6
17502_0,200,176,190,3,2,6
17699_0,339,176.5,189.5,3,2,11
17742_0,284,176.5,190,3,1,9
17873_0,244,175,189,3,4,8
17901_0,215,175,189.5,3,3,7
17902_0,199,175.5,190,3,3,6
18355_0,276,191,262,3,3,9
18368_0,240,177.5,219,3,1,7
18434_0,247,177,190,3,10,8
18883_0,339,175,189.5,3,2,11
19097_0,287,176.5,190,3,1,9
19228_0,344,175,190,3,6,11
19444_0,282,176,190,3,2,9
19547_0,284,175.5,190,3,1,9
19584_0,247,179,190,3,11,8
19676_0,345,175,190,3,8,11
19679_0,239,177.5,190,3,1,7
19963_0,200,175.5,190,3,2,6
20036_0,342,177.5,187.5,3,7,11
20279_0,196,174.5,189.5,3,3,6
20475_0,283,176.5,190,3,3,9
20498_0,283,175.5,190,3,4,9
20533_0,244,177.5,190,3,1,8
20711_0,343,176.5,190,3,5,11
20751_0,286,176.5,190,3,1,9
20824_0,284,175.5,190,3,3,9
20964_0,340,175,190,3,3,11
21086_0,190,177,190,3,3,6
21141_0,282,177,189,3,2,9
21234_0,224,177,213,3,1,7
21295_0,228,177.5,190,3,8,7
21296_0,236,205.5,246.5,3,3,7
21345_0,283,175.5,190,3,4,9
21522_0,178,175,189,3,1,5
21581_0,194,174.5,189.5,3,4,6
21708_0,282,175.5,190,3,2,9
22060_0,343,176.5,190,3,5,11
22200_0,341,174.5,189.5,3,3,11
22202_0,339,175,189.5,3,2,11
22285_0,282,175.5,190,3,2,9
22404_0,246,179.5,220,3,6,8
22434_0,198,175.5,190,3,2,6
22461_0,283,175.5,190,3,3,9
22474_0,200,175.5,190,3,2,6
22586_0,172,177,188.5,3,3,5
22596_0,343,175,190,3,4,11
22624_0,344,176,190,3,7,11
22713_0,193,177.5,187.5,3,1,6
22730_0,285,175.5,190,3,4,9
22732_0,184,174.5,190,3,2,6
22786_0,208,177.5,189.5,3,1,6
22883_0,191,175.5,189.5,3,3,6
22982_0,237,174.5,190,3,1,7
22991_0,240,177.5,189.5,3,1,7
23014_0,252,177,190,3,1,8
23102_0,345,174.5,190,3,5,11
23118_0,194,174.5,189.5,3,4,6
23154_0,190,176,190,3,2,6
23739_0,248,176.5,190,3,7,8
23873_0,339,175,189.5,3,2,11
23946_0,244,179,190,3,17,8
24017_0,282,175.5,190,3,2,9
24122_0,214,176,190,3,3,7
24129_0,344,174.5,190,3,4,11
24404_0,262,175.5,190,3,1,8
24551_0,343,175,190,3,5,11
24570_0,344,174.5,190,3,4,11
24589_0,345,177.5,190,3,8,11
24708_0,283,175.5,190,3,4,9
24895_0,274,208.5,219.5,3,1,9
24987_0,350,176.5,190,3,3,11
25027_0,191,175.5,190,3,3,6
25047_0,258,175,189.5,3,5,8
25057_0,139,174.5,189.5,3,1,4
25440_0,244,177,218,3,10,8
25677_0,201,175.5,190,3,3,6
25728_0,210,177,190,3,1,6
25760_0,248,175,190,3,6,8
25795_0,350,174.5,190,3,2,11
25836_0,110,174.5,189.5,3,1,3
25950_0,196,174.5,189.5,3,3,6
26375_0,342,178,187.5,3,7,11
26576_0,344,174.5,190,3,5,11
26591_0,190,177.5,190,3,2,6
26848_0,217,177.5,187.5,3,8,7
26881_0,192,175.5,190,3,1,6
27056_0,217,177.5,189.5,3,1,7
27086_0,282,175.5,190,3,2,9
27105_0,293,175,190,3,1,9
27118_0,161,176,190,3,3,5
27171_0,249,176.5,190,3,6,8
27210_0,223,177,189.5,3,1,7
27324_0,338,175,190,3,1,11
27347_0,248,175,190,3,8,8
27400_0,246,177,190,3,10,8
27508_0,222,177,190,3,1,7
27823_0,189,175.5,190,3,2,6
27864_0,245,176.5,188.5,3,2,8
27865_0,250,176.5,220,3,2,8
28059_0,209,190,236,3,1,6
28312_0,342,175,190,3,3,11
28657_0,340,175,190,3,3,11
28670_0,341,175,189.5,3,1,11
28987_0,286,175.5,190,3,1,9
29077_0,345,174.5,190,3,3,11
29106_0,339,175,189.5,3,2,11
29143_0,341,178.5,187,3,1,11
29255_0,339,175,189.5,3,2,11
29279_0,350,177,190,3,2,11
29350_0,340,175,190,3,3,11
29474_0,241,176.5,189.5,3,2,7
29581_0,190,175.5,189,3,1,6
29605_0,339,175,190,3,1,11
29792_0,245,175,189,3,2,8
29796_0,282,176.5,190,3,2,9
30043_0,191,174.5,189.5,3,2,6
30122_0,284,176,190,3,3,9
30199_0,342,177.5,187,3,7,11
30215_0,178,176,189.5,3,1,5
30312_0,339,176.5,189,3,1,11
30640_0,343,175,190,3,4,11
30788_0,228,177.5,212.5,3,1,7
30852_0,138,174.5,189.5,3,2,4
30896_0,248,177,190,3,3,8
31008_0,344,174.5,190,3,3,11
31104_0,282,175.5,190,3,2,9
31112_0,237,177.5,189.5,3,12,7
31212_0,191,177,188.5,3,4,6
31311_0,286,176,189.5,3,6,9
31431_0,202,175.5,190,3,3,6
31451_0,246,175,189.5,3,3,8
31522_0,247,176.5,220,3,8,8
31625_0,199,176,190,3,2,6
31718_0,282,175.5,190,3,2,9
31835_0,291,175,190,3,6,9
31894_0,201,176,190,3,4,6
31907_0,232,190,205,3,7,7
31913_0,247,177,190,3,9,8
31967_0,243,176.5,190,3,5,7
32057_0,198,175.5,190,3,2,6
32158_0,282,176,190,3,1,9
32172_0,211,178.5,189.5,3,1,6
32196_0,251,175,190,3,1,8
32262_0,340,174.5,189,3,2,11
32302_0,248,178.5,216,3,3,8
32574_0,285,175.5,190,3,1,9
32792_0,212,177,188,3,6,6
32835_0,284,176,190,3,5,9
32845_0,341,175,190,3,2,11
33007_0,246,175.5,220,3,7,8
33013_0,285,176.5,190,3,5,9
33212_0,213,176,189.5,3,3,7
33413_0,282,175.5,190,3,2,9
33425_0,180,176,186,3,9,5
33469_0,190,175.5,189.5,3,1,6
33532_0,211,178.5,189.5,3,2,6
33555_0,245,176,189,3,2,8
33692_0,245,175,189,3,1,8
33759_0,210,177.5,189,3,1,6
33942_0,284,176,190,3,4,9
33948_0,340,174.5,190,3,2,11
34219_0,282,175.5,190,3,2,9
34230_0,191,174.5,189.5,3,2,6
34281_0,196,175,189.5,3,1,6
34298_0,282,176,190,3,1,9
34342_0,281,176,190,3,1,9
34352_0,340,176.5,189.5,3,3,11
34726_0,247,177,220,3,5,8
34758_0,196,174.5,189.5,3,3,6
34780_0,339,176.5,189.5,3,2,11
35289_0,229,177.5,190,3,4,7
35398_0,200,175.5,190,3,2,6
35534_0,222,177,190,3,1,7
35639_0,194,174.5,189.5,3,4,6
35654_0,213,177,189.5,3,2,7
35846_0,248,206.5,251,3,7,8
35958_0,344,177,190,3,6,11
35981_0,203,176,190,3,1,6
35991_0,340,174.5,189,3,2,11
36053_0,198,175.5,190,3,2,6
36112_0,282,175.5,190,3,1,9
36228_0,341,174.5,190,3,3,11
36541_0,282,175,190,3,2,9
36650_0,343,176.5,190,3,4,11
36873_0,284,175,189.5,3,11,9
36965_0,346,174.5,190,3,2,11
37145_0,190,176,190,3,4,6
37362_0,340,175,190,3,3,11
37700_0,246,175,189.5,3,1,8
37717_0,190,176,190,3,4,6
37793_0,282,175.5,190,3,2,9
38031_0,339,176,188.5,3,1,11
38133_0,287,175.5,190,3,3,9
38143_0,291,176.5,190,3,7,9
38432_0,190,176.5,190,3,2,6
38675_0,282,175.5,190,3,2,9
38691_0,226,175.5,189.5,3,1,7
38841_0,194,174.5,189.5,3,2,6
38867_0,339,176,190,3,2,11
38961_0,188,175.5,190,3,1,6
39110_0,252,177.5,190,3,1,8
39182_0,229,177.5,190,3,4,7
39200_0,339,175,189.5,3,2,11
39358_0,343,174.5,190,3,5,11
39499_0,282,177,190,3,2,9
39589_0,283,175.5,190,3,1,9
39694_0,282,175.5,190,3,2,9
39705_0,228,177,190,3,8,7
39911_0,342,175,190,3,3,11
39957_0,282,176.5,190,3,2,9
40017_0,156,174.5,190,3,1,5
40021_0,233,177.5,218,3,4,7
40100_0,226,176.5,190,3,1,7
40320_0,281,175.5,190,3,1,9
40458_0,281,176,190,3,1,9
40538_0,350,174.5,189.5,3,2,11
40569_0,343,174.5,190,3,4,11
40580_0,240,177.5,190,3,5,7
40677_0,284,176,190,3,1,9
40862_0,198,176,190,3,1,6
41018_0,199,175.5,190,3,1,6
41107_0,282,175.5,190,3,2,9
41134_0,280,228,261,3,1,9
41158_0,252,177.5,190,3,1,8
41192_0,344,175,190,3,3,11
41223_0,245,175.5,190,3,6,8
41331_0,200,175.5,190,3,3,6
41404_0,339,176.5,189,3,1,11
41418_0,285,175.5,190,3,1,9
41425_0,282,176,189,3,2,9
41456_0,192,175,190,3,1,6
41535_0,285,175,190,3,3,9
41547_0,139,174.5,189.5,3,2,4
41558_0,339,175,189.5,3,2,11
41730_0,339,175,190,3,2,11
41774_0,282,175,190,3,2,9
41777_0,348,177,189,3,1,11
41817_0,343,174.5,190,3,5,11
41818_0,238,177,189.5,3,8,7
41828_0,210,177,189.5,3,2,6
41867_0,339,175,189.5,3,2,11
41874_0,248,177,190,3,6,8
41947_0,284,175.5,190,3,4,9
42186_0,200,176,190,3,2,6
42230_0,194,174.5,189.5,3,3,6
42264_0,236,177.5,190,3,1,7
42271_0,282,175.5,190,3,2,9
42381_0,247,175,189.5,3,1,8
42383_0,339,176,190,3,1,11
42408_0,253,177.5,190,3,1,8
42664_0,247,175.5,220,3,5,8
42976_0,283,176,190,3,3,9
43005_0,233,177.5,190,3,7,7
43037_0,345,174.5,190,3,5,11
43052_0,345,176.5,189.5,3,6,11
43259_0,338,175,189.5,3,1,11
43271_0,254,177,189.5,3,1,8
43473_0,340,174.5,189.5,3,2,11
43495_0,342,176.5,188.5,3,2,11
43522_0,283,177,189,3,3,9
43534_0,293,174.5,190,3,1,9
43588_0,244,175,190,3,1,8
43709_0,342,175,190,3,6,11
43723_0,199,175.5,190,3,2,6
43770_0,199,175.5,190,3,2,6
43942_0,252,179,190,3,1,8
44013_0,244,176.5,189,3,4,8
44084_0,201,176,190,3,3,6
44106_0,250,177.5,190,3,2,8
44203_0,282,175.5,190,3,2,9
44204_0,214,177.5,190,3,2,7
44226_0,341,175,190,3,3,11
44277_0,344,175,189.5,3,3,11
44699_0,252,177,218,3,1,8
44904_0,341,175,190,3,5,11
44943_0,340,176,190,3,3,11
44999_0,191,174.5,189.5,3,2,6
45175_0,208,177.5,189.5,3,2,6
45220_0,201,176,190,3,4,6
45258_0,242,180.5,220,3,1,7
45267_0,209,178.5,190,3,1,6
45290_0,348,174.5,189,3,4,11
45299_0,290,175.5,190,3,2,9
45429_0,211,177,187.5,3,5,6
45458_0,246,177.5,220,3,7,8
45571_0,343,174.5,190,3,5,11
45606_0,244,177.5,190,3,1,8
45851_0,340,176,190,3,3,11
45922_0,349,174.5,189.5,3,3,11
45930_0,283,176,190,3,4,9
46046_0,240,177,190,3,4,7
46096_0,211,176.5,189.5,3,1,6
46288_0,239,179,190,3,9,7
46539_0,218,176,188.5,3,1,7
46570_0,236,179.5,190,3,2,7
46656_0,282,175.5,190,3,2,9
46657_0,352,174.5,190,3,1,11
46709_0,213,212.5,279.5,2,16,7
46793_0,344,175,190,3,3,11
46930_0,262,175,190,3,4,8
47023_0,139,174.5,189.5,3,2,4
47084_0,193,175.5,189,3,1,6
47330_0,234,179.5,215,3,5,7
47345_0,284,176.5,190,3,1,9
47437_0,339,175,190,3,1,11
47445_0,200,175.5,190,3,3,6
47454_0,229,175.5,189.5,3,1,7
47805_0,196,175,190,3,4,6
47816_0,282,175.5,190,3,2,9
47881_0,345,174.5,190,3,5,11
47948_0,339,176,190,3,2,11
48038_0,191,175.5,189.5,3,3,6
48046_0,284,176.5,190,3,1,9
48156_0,229,177,190,3,3,7
48441_0,339,175,189.5,3,2,11
48720_0,237,179,190,3,15,7
48775_0,210,177,189,3,3,6
48779_0,193,175.5,190,3,2,6
48836_0,282,175.5,190,3,2,9
48837_0,191,175.5,189.5,3,3,6
48973_0,244,175,189.5,3,1,8
49020_0,134,176,190,3,1,4
49118_0,344,174.5,189.5,3,6,11
49120_0,199,175.5,190,3,4,6
49383_0,339,177,189,3,2,11
49398_0,156,174.5,190,3,1,5
49568_0,341,174.5,189.5,3,3,11
49625_0,250,177.5,190,3,1,8
49823_0,282,176,190,3,1,9
50087_0,350,175,189.5,3,3,11
50132_0,223,178,189,3,1,7
50160_0,190,176,190,3,4,6
50292_0,285,175,190,3,1,9
50424_0,342,175,190,3,7,11
50695_0,339,176.5,189.5,3,1,11
50752_0,339,175,190,3,2,11
50769_0,274,223.5,281,3,1,9
50825_0,341,176.5,189.5,3,5,11
51071_0,340,175,190,3,3,11
51214_0,343,175,190,3,6,11
51271_0,340,174.5,189.5,3,2,11
51278_0,283,175.5,190,3,4,9
51342_0,248,177,190,3,6,8
51407_0,344,174.5,189.5,3,5,11
51465_0,194,174.5,189.5,3,3,6
51637_0,340,176.5,189,3,3,11
51693_0,343,178.5,187,3,4,11
51770_0,285,176,190,3,1,9
51780_0,193,176,187.5,3,1,6
51871_0,339,175,190,3,2,11
51875_0,339,175,189,3,2,11
51974_0,340,175.5,189.5,3,1,11
52032_0,284,176,190,3,3,9
52233_0,287,175.5,190,3,3,9
52349_0,198,175.5,190,3,2,6
52613_0,223,177,189.5,3,1,7
53075_0,282,175.5,190,3,2,9
53177_0,256,176.5,190,3,1,8
53228_0,340,178.5,186.5,3,4,11
53261_0,254,176,190,3,1,8
53350_0,196,174.5,189.5,3,3,6
53435_0,210,176,188.5,3,1,6
53479_0,339,175,189,3,1,11
53502_0,352,174.5,189.5,3,2,11
53506_0,178,175.5,188.5,3,2,5
53579_0,188,175.5,189.5,3,2,6
53587_0,200,176,190,3,2,6
53615_0,196,174.5,189.5,3,1,6
53852_0,196,175.5,190,3,4,6
54027_0,165,174.5,190,3,2,5
54314_0,246,177.5,190,3,7,8
54393_0,282,175.5,190,3,2,9
54429_0,202,176,190,3,2,6
54439_0,254,175,190,3,3,8
54454_0,287,175.5,190,3,4,9
54686_0,282,175.5,190,3,2,9
54870_0,341,175,190,3,4,11
55006_0,282,175.5,190,3,2,9
55079_0,193,177,189,3,2,6
55187_0,193,174.5,189.5,3,5,6
55276_0,248,179,220,3,7,8
55427_0,282,176.5,190,3,1,9
55432_0,200,176,190,3,2,6
55495_0,252,177,190,3,1,8
55517_0,200,176,190,3,2,6
55717_0,243,177.5,190,3,5,7
55806_0,341,178.5,187,3,1,11
55891_0,200,176.5,190,3,2,6
56228_0,191,175.5,189.5,3,3,6
56402_0,283,175.5,190,3,4,9
56408_0,345,174.5,190,3,8,11
56439_0,285,175,190,3,3,9
56777_0,196,176,190,3,4,6
57144_0,246,177,217.5,3,11,8
57350_0,230,177.5,190,3,1,7
57433_0,246,205.5,250.5,3,7,8
57488_0,287,176,190,3,1,9
57489_0,243,177,190,3,1,7
57559_0,249,178.5,190,3,5,8
57579_0,344,174.5,190,3,4,11
57708_0,340,176.5,189.5,3,4,11
57834_0,194,174.5,189.5,3,3,6
57982_0,212,177.5,188,3,6,6
57996_0,287,176,190,3,1,9
58020_0,184,174.5,190,3,2,6
58127_0,342,174.5,189.5,3,3,11
58286_0,282,175.5,190,3,2,9
58463_0,341,175,190,3,2,11
58535_0,214,177.5,190,3,2,7
58599_0,183,176,188.5,3,3,6
58610_0,198,175.5,190,3,2,6
58616_0,248,176.5,190,3,14,8
58634_0,343,174.5,190,3,5,11
58653_0,193,175.5,189,3,2,6
58696_0,212,177.5,188.5,3,6,6
58714_0,165,174.5,190,3,2,5
58740_0,339,175,190,3,2,11
58763_0,279,175,189.5,3,1,9
58840_0,287,175.5,189,3,5,9
59103_0,341,175,189,3,1,11
59127_0,342,178,187,3,7,11
59177_0,348,174.5,189,3,3,11
59185_0,197,175,190,3,5,6
59352_0,212,177,189.5,3,2,6
59537_0,200,176,190,3,2,6
59671_0,208,176.5,189.5,3,1,6
59684_0,57,174.5,190,3,1,1
59832_0,282,175.5,190,3,2,9
59964_0,345,174.5,190,3,3,11
60236_0,246,177.5,190,3,9,8
60259_0,282,175.5,190,3,2,9
60375_0,339,175,190,3,2,11
60504_0,191,175.5,190,3,3,6
60583_0,246,178,190,3,6,8
60595_0,244,177.5,190,3,16,8
60633_0,242,177,190,3,4,7
60726_0,248,179,190,3,9,8
61097_0,343,174.5,190,3,5,11
61238_0,230,175.5,190,3,5,7
61324_0,231,177.5,189.5,3,6,7
61356_0,210,177,189.5,3,1,6
61390_0,344,174.5,190,3,3,11
61423_0,285,176,190,3,1,9
61533_0,236,175.5,190,3,3,7
61550_0,195,175.5,189,3,2,6
61656_0,243,175,189.5,3,1,7
61673_0,347,174.5,189.5,3,7,11
61727_0,208,177,189.5,3,1,6
61733_0,248,177,190,3,3,8
61942_0,282,175.5,190,3,2,9
61964_0,248,175,190,3,5,8
62064_0,285,176,190,3,1,9
62135_0,343,174.5,190,3,4,11
62166_0,348,174.5,189,3,3,11
62200_0,282,176,190,3,2,9
62220_0,189,176,188.5,3,1,6
62415_0,283,175.5,190,3,4,9
62619_0,118,175.5,190,3,1,3
62640_0,140,174.5,189.5,3,1,4
62818_0,189,175,190,3,2,6
62858_0,344,175,190,3,6,11
62912_0,339,176.5,189.5,3,2,11
63055_0,287,176,190,3,2,9
63076_0,289,175.5,190,3,5,9
63108_0,210,177,189,3,1,6
63110_0,236,177.5,212.5,3,15,7
63145_0,232,176.5,189.5,3,11,7
63254_0,340,177,189,3,3,11
63581_0,344,177,190,3,6,11
63689_0,353,175,189.5,3,1,11
63772_0,344,177,190,3,5,11
64049_0,191,174.5,189.5,3,2,6
64104_0,246,176.5,190,3,7,8
64147_0,281,176,190,3,1,9
64169_0,180,179,188.5,3,2,5
64213_0,234,177,190,3,4,7
64292_0,190,177,190,3,3,6
64662_0,287,176,190,3,1,9
64687_0,284,176,190,3,3,9
64795_0,242,175.5,189.5,3,3,7
64833_0,101,176,189,3,1,3
64837_0,190,177,190,3,3,6
65123_0,343,174.5,190,3,4,11
65388_0,340,175,189.5,3,3,11
65564_0,252,177.5,189.5,3,1,8
65652_0,282,176,189,3,2,9
65695_0,340,174.5,189.5,3,2,11
65727_0,281,175.5,190,3,1,9
65899_0,344,174.5,189,3,3,11
65905_0,300,175,189.5,3,3,9
65909_0,285,175,190,3,1,9
65910_0,240,177,212,3,23,7
65934_0,343,174.5,190,3,4,11
65975_0,235,177,213.5,3,1,7
66101_0,282,176,190,3,2,9
66152_0,200,175.5,190,3,2,6
66261_0,210,177.5,189.5,3,1,6
66335_0,140,176.5,190,3,2,4
66540_0,339,175,189,3,1,11
66675_0,242,175,190,3,1,7
66692_0,340,175,190,3,3,11
66739_0,246,176.5,189,3,4,8
66826_0,247,177,220,3,5,8
66832_0,340,176.5,189.5,3,3,11
66876_0,284,175.5,190,3,3,9
66953_0,282,175.5,190,3,2,9
66979_0,201,174.5,189.5,3,1,6
66992_0,344,174.5,189.5,3,4,11
67007_0,199,175.5,190,3,2,6
67015_0,199,175.5,190,3,2,6
67106_0,282,175.5,190,3,2,9
67108_0,290,174.5,190,3,2,9
67149_0,339,175,189.5,3,2,11
67220_0,190,176.5,190,3,5,6
67398_0,345,177.5,190,3,8,11
67407_0,339,175,190,3,1,11
67660_0,244,179,190,3,14,8
67663_0,212,177,190,3,1,6
67699_0,190,176,190,3,4,6
67824_0,283,176,190,3,1,9
67912_0,339,178,188,3,2,11
68062_0,344,174.5,190,3,4,11
68332_0,344,174.5,190,3,5,11
68408_0,246,176.5,190,3,11,8
68485_0,344,174.5,190,3,5,11
68568_0,199,175.5,190,3,2,6
68617_0,282,176,190,3,2,9
68633_0,198,175.5,190,3,2,6
68637_0,245,177.5,189.5,3,8,8
68680_0,193,174.5,189.5,3,5,6
68847_0,284,177,190,3,4,9
68963_0,287,190,236,3,2,9
69029_0,351,174.5,190,3,5,11
69053_0,344,176.5,189.5,3,6,11
69094_0,284,175,190,3,4,9
69173_0,229,175.5,189.5,3,1,7
69196_0,334,175,190,3,1,10
69337_0,249,177,189,3,1,8
69358_0,200,176,190,3,2,6
69681_0,200,175.5,190,3,2,6
69818_0,340,175,190,3,3,11
70036_0,244,177.5,190,3,16,8
70128_0,252,175,190,3,1,8
70249_0,343,175,190,3,5,11
70258_0,339,175,189.5,3,2,11
70531_0,190,175,190,3,2,6
70590_0,344,174.5,190,3,3,11
70722_0,208,177.5,189.5,3,2,6
70737_0,198,175.5,190,3,2,6
70839_0,346,176.5,190,3,1,11
70892_0,231,179,216,3,6,7
70923_0,340,175,190,3,3,11
70940_0,281,175,190,3,1,9
70978_0,190,175.5,190,3,3,6
70990_0,234,177,190,3,1,7
71000_0,282,175.5,190,3,2,9
71004_0,344,174.5,190,3,2,11
71022_0,286,175.5,190,3,1,9
71041_0,252,176.5,189.5,3,1,8
71136_0,199,176,190,3,2,6
71255_0,224,177,190,3,4,7
71491_0,339,176.5,189.5,3,1,11
71525_0,282,176,190,3,2,9
71663_0,340,175,189.5,3,3,11
71697_0,339,175,190,3,2,11
71746_0,341,175,189,3,1,11
71822_0,340,175,189.5,3,3,11
71903_0,197,175,190,3,4,6
71935_0,190,176,190,3,4,6
71964_0,191,174.5,189.5,3,2,6
71987_0,284,175.5,190,3,4,9
71989_0,283,176,190,3,3,9
72131_0,247,177.5,190,3,10,8
72277_0,190,176.5,190,3,3,6
72314_0,214,177.5,190,3,2,7
72360_0,244,176.5,189.5,3,14,8
72391_0,198,176,190,3,2,6
72509_0,200,176,190,3,2,6
72781_0,270,175.5,190,3,1,8
73025_0,345,176.5,190,3,4,11
73091_0,221,176.5,217,3,8,7
73195_0,178,175.5,189,3,1,5
73198_0,238,177,190,3,12,7
73421_0,246,175,189.5,3,2,8
73700_0,247,175.5,188.5,3,1,8
74104_0,282,176,190,3,2,9
74242_0,231,177,189.5,3,4,7
74269_0,235,177,190,3,1,7
74425_0,284,175.5,190,3,1,9
74447_0,190,177,190,3,3,6
74586_0,283,175,190,3,4,9
74688_0,186,177,188.5,3,2,6
74757_0,282,176,190,3,2,9
74792_0,282,175.5,190,3,2,9
74866_0,247,177,189.5,3,1,8
75108_0,245,177,190,3,13,8
75196_0,242,177,189.5,3,19,7
75214_0,226,176.5,190,3,1,7
75219_0,192,174.5,189.5,3,4,6
75313_0,198,175.5,190,3,2,6
75460_0,140,174.5,189.5,3,1,4
75891_0,340,176.5,189.5,3,4,11
76196_0,244,190,233,3,3,8
76222_0,246,176.5,189.5,3,3,8
76254_0,345,175,189.5,3,5,11
76409_0,200,176,190,3,3,6
76413_0,339,176,190,3,2,11
76414_0,256,177,190,3,4,8
76423_0,340,176.5,189.5,3,3,11
76524_0,291,175,190,3,6,9
76656_0,233,179,190,3,5,7
76720_0,339,175,189.5,3,2,11
76734_0,282,176,190,3,2,9
77008_0,343,174.5,190,3,5,11
77062_0,210,177.5,189.5,3,2,6
77210_0,339,175,190,3,1,11
77259_0,196,176,190,3,3,6
77280_0,193,174.5,189.5,3,5,6
77309_0,279,175.5,190,3,2,9
77391_0,196,174.5,189.5,3,3,6
77409_0,340,175,190,3,3,11
77417_0,284,177,190,3,3,9
77870_0,343,174.5,190,3,5,11
78232_0,283,175.5,190,3,4,9
78234_0,247,176.5,189.5,3,5,8
78313_0,187,177,190,3,2,6
78317_0,345,174.5,190,3,5,11
78415_0,344,174.5,190,3,6,11
78539_0,211,177,187,3,6,6
78548_0,193,177.5,189.5,3,2,6
78633_0,224,178.5,189.5,3,1,7
78643_0,283,176,190,3,3,9
78749_0,195,174.5,189.5,3,2,6
78819_0,236,179,190,3,16,7
78825_0,172,176.5,188.5,3,2,5
78934_0,347,178,190,3,4,11
79042_0,339,175,190,3,2,11
79051_0,339,175,189.5,3,2,11
79149_0,194,175.5,190,3,1,6
79264_0,341,175,189,3,1,11
79283_0,246,176.5,189,3,4,8
79695_0,283,176,190,3,1,9
79794_0,284,177,190,3,2,9
79798_0,196,176,190,3,4,6
80035_0,193,177.5,188.5,3,2,6
80199_0,339,175,190,3,2,11
80203_0,282,175.5,190,3,2,9
80356_0,127,175.5,190,3,1,4
80462_0,340,175,190,3,3,11
80566_0,252,205.5,247,3,1,8
80669_0,195,177,189.5,3,2,6
80810_0,282,175.5,190,3,2,9
80862_0,252,176.5,190,3,1,8
80924_0,252,177,189.5,3,1,8
80983_0,184,177.5,188.5,3,5,6
81006_0,282,176,190,3,2,9
81024_0,190,175.5,190,3,3,6
81160_0,284,176,190,3,1,9
81217_0,259,175,189,3,2,8
81221_0,285,176.5,190,3,5,9
81230_0,348,174.5,189,3,3,11
81273_0,171,178.5,186,3,1,5
81349_0,282,175.5,190,3,2,9
81621_0,214,177.5,189.5,3,1,7
81674_0,214,177,189.5,3,2,7
81867_0,284,175.5,190,3,3,9
81868_0,282,176,190,3,2,9
81869_0,200,175.5,190,3,3,6
81954_0,240,177.5,190,3,1,7
82017_0,246,176.5,189.5,3,4,8
82040_0,342,177.5,187,3,7,11
82098_0,211,175,189,3,1,6
82157_0,190,176.5,190,3,4,6
82239_0,194,174.5,189.5,3,4,6
82309_0,214,177,190,3,2,7
82317_0,238,177.5,190,3,2,7
82351_0,252,178.5,190,3,1,8
82386_0,284,176,190,3,2,9
82454_0,341,178.5,187,3,1,11
82521_0,246,177.5,190,3,12,8
82525_0,344,177.5,189,3,6,11
82632_0,352,174.5,190,3,1,11
82993_0,282,175.5,190,3,2,9
83175_0,245,190,236,3,1,8
83220_0,283,176,190,3,4,9
83287_0,232,177.5,190,3,7,7
83380_0,343,177,190,3,4,11
83449_0,341,175,189.5,3,1,11
83507_0,343,174.5,189.5,3,6,11
83606_0,178,175.5,189,3,1,5
83641_0,348,175,189.5,3,5,11
83802_0,280,175,190,3,1,9
83960_0,237,177.5,189.5,3,12,7
83993_0,338,175,190,3,1,11
84270_0,339,175,190,3,2,11
84272_0,245,178,190,3,8,8
84302_0,238,179.5,245,3,13,7
84409_0,245,177,190,3,9,8
84433_0,241,177.5,190,3,20,7
84500_0,339,175,189.5,3,2,11
84687_0,166,175.5,189.5,3,1,5
84800_0,339,175,189.5,3,1,11
84905_0,178,175.5,188.5,3,2,5
84932_0,345,174.5,189,3,3,11
85052_0,214,177.5,189.5,3,1,7
85085_0,199,177,190,3,2,6
85405_0,193,175.5,190,3,2,6
85412_0,345,174.5,189.5,3,5,11
85431_0,332,175.5,190,3,1,10
85443_0,232,177.5,190,3,7,7
85489_0,352,174.5,189.5,3,2,11
85630_0,193,177,189,3,2,6
85706_0,293,176,190,3,4,9
85796_0,242,190,235,3,1,7
85806_0,248,175,190,3,5,8
85919_0,282,175.5,190,3,2,9
85987_0,341,175,190,3,4,11
86128_0,282,177.5,189.5,3,2,9
86141_0,343,176,190,3,5,11
86177_0,341,175,190,3,1,11
86278_0,282,176,190,3,2,9
86434_0,349,174.5,189.5,3,3,11
86577_0,193,175.5,189,3,2,6
86603_0,253,179.5,190,3,1,8
86662_0,250,176.5,220,3,2,8
86674_0,200,176,190,3,2,6
86826_0,339,176,189.5,3,2,11
86999_0,200,175.5,190,3,2,6
87034_0,241,190,227,3,6,7
87160_0,339,176.5,189.5,3,2,11
87298_0,358,175,189.5,3,1,11
87338_0,210,175,189.5,3,1,6
87524_0,340,175,189.5,3,3,11
87596_0,237,174.5,190,3,1,7
87708_0,210,177,188.5,3,3,6
87780_0,191,175.5,189.5,3,3,6
88139_0,193,174.5,189.5,3,1,6
88292_0,274,176,190,3,1,9
88312_0,273,216.5,281.5,3,1,8
88456_0,111,175,190,3,1,3
88557_0,344,174.5,189.5,3,5,11
88590_0,240,177.5,190,3,1,7
88597_0,282,176,190,3,2,9
88874_0,343,175,190,3,4,11
89088_0,285,175.5,190,3,1,9
89271_0,352,174.5,189.5,3,2,11
89458_0,191,174.5,189.5,3,2,6
89573_0,246,190,205,3,6,8
89605_0,243,176,188.5,3,3,7
89623_0,341,176.5,189.5,3,5,11
89786_0,189,175.5,190,3,2,6
89793_0,230,179,190,3,6,7
90162_0,283,176,190,3,4,9
90196_0,193,174.5,189.5,3,2,6
90523_0,200,176,190,3,2,6
90588_0,261,176.5,189,3,3,8
90672_0,350,174.5,190,3,6,11
90790_0,179,185.5,186,3,1,5
90822_0,246,175.5,189,3,1,8
90853_0,341,175,190,3,1,11
90882_0,349,174.5,189.5,3,5,11
90895_0,199,175.5,190,3,2,6
91027_0,199,176,190,3,2,6
91056_0,231,177.5,190,3,8,7
91086_0,247,179,190,3,10,8
91120_0,233,176.5,189.5,3,4,7
91412_0,139,174.5,189.5,3,2,4
91569_0,284,176,190,3,5,9
91633_0,245,175.5,189.5,3,1,8
91715_0,246,175.5,220,3,7,8
91859_0,196,174.5,189.5,3,3,6
91927_0,227,175,190,3,1,7
91936_0,252,177,190,3,1,8
91948_0,198,175.5,190,3,2,6
91965_0,190,176,190,3,3,6
92192_0,284,175.5,190,3,1,9
92234_0,284,175,190,3,4,9
92380_0,235,177,190,3,16,7
92408_0,282,176,190,3,2,9
92440_0,121,175.5,189.5,3,1,3
92662_0,341,175,190,3,2,11
92948_0,283,175.5,189.5,3,2,9
92991_0,227,177,190,3,4,7
92997_0,246,176.5,189,3,4,8
93009_0,248,175,190,3,5,8
93039_0,199,175.5,190,3,2,6
93237_0,244,177,190,3,15,8
93244_0,344,175,190,3,5,11
93423_0,189,175,190,3,2,6
93487_0,110,174.5,189.5,3,1,3
93641_0,239,177,190,3,8,7
93851_0,284,175.5,190,3,1,9
93927_0,316,175.5,189.5,3,1,10
93939_0,239,179,190,3,1,7
94089_0,245,176.5,189.5,3,4,8
94133_0,282,176.5,190,3,2,9
94166_0,208,176.5,189.5,3,1,6
94197_0,345,174.5,190,3,7,11
94226_0,346,177.5,190,3,10,11
94286_0,234,178,190,3,1,7
94351_0,240,177.5,190,3,1,7
94406_0,193,177,189,3,2,6
94616_0,341,174.5,190,3,1,11
94673_0,212,177,189,3,4,6
94691_0,252,181,190,3,1,8
94815_0,191,175.5,190,3,3,6
94818_0,284,175,190,3,2,9
94846_0,344,174.5,190,3,5,11
95130_0,231,177.5,190,3,10,7
95516_0,198,176,190,3,2,6
95585_0,281,176.5,190,3,1,9
95784_0,200,176,190,3,2,6
96003_0,260,190,267,3,1,8
96025_0,191,174.5,189.5,3,2,6
96034_0,279,176,189,3,2,9
96140_0,200,175.5,190,3,2,6
96184_0,244,175,189,3,1,8
96231_0,227,177,190,3,8,7
96401_0,190,175.5,190,3,3,6
96475_0,346,174.5,189.5,3,8,11
96535_0,199,174.5,189.5,3,2,6
96627_0,341,175,190,3,3,11
96863_0,188,176,189.5,3,2,6
96874_0,248,177.5,190,3,5,8
96875_0,284,176,190,3,4,9
96913_0,340,175,189.5,3,3,11
96951_0,92,193,235,3,1,3
97001_0,282,176.5,190,3,2,9
97012_0,282,175.5,190,3,2,9
97038_0,282,176,190,3,1,9
97065_0,340,177.5,187,3,2,11
97156_0,343,175,190,3,1,11
97305_0,284,175,190,3,3,9
97341_0,239,179.5,216,3,8,7
97342_0,192,174.5,189.5,3,4,6
97441_0,345,174.5,190,3,3,11
97454_0,273,208,281.5,3,1,8
97549_0,211,177.5,189.5,3,1,6
97655_0,199,175.5,190,3,3,6
97863_0,283,175.5,190,3,1,9
97940_0,340,175,190,3,3,11
97979_0,339,176,190,3,2,11
98061_0,341,176.5,189.5,3,4,11
98216_0,228,177.5,190,3,1,7
98220_0,193,177,216.5,3,1,6
98313_0,289,175.5,188.5,3,7,9
98612_0,282,176,190,3,2,9
98631_0,252,177.5,189.5,3,1,8
98767_0,239,177,189,3,8,7
99297_0,272,175.5,190,3,2,8
99301_0,340,175,189.5,3,2,11
99367_0,213,176,189.5,3,2,7
99380_0,282,176.5,190,3,2,9
99583_0,193,175,189.5,3,2,6
